"response_id","q2","q2_7_text","q3_1","q3_2","q3_3","q3_4","q3_5","q4_1","q4_1_rev","q4_2","q4_3","q4_4","q4_5","q5_1","q5_2","q5_3","q5_4","q5_5","q6_1","q6_1_rev","q6_2","q6_2_rev","q6_3","q6_4","q6_5","q7_1","q7_2","q7_3","q7_4","q7_5","q8_1","q8_1_rev","q8_2","q8_3","q8_4","q8_5","q9_1","q9_2","q9_3","q9_4","q9_5","q10_1","q10_2","q10_3","q10_4","q10_5"
"R_5JfCxM9kkkxCTOV","Computer Science","",6,2,2,2,6,2,5,2,2,4,4,6,4,6,6,6,4,3,2,5,1,1,6,6,2,1,6,6,6,1,4,6,6,1,6,2,6,6,2,6,6,1,2,6
"R_15RvgeMBYtGeg8k","Computer Science","",6,4,4,1,6,3,4,5,1,5,6,1,5,4,5,6,6,1,1,6,1,4,6,5,2,2,2,6,6,1,6,6,1,1,2,1,6,3,1,6,6,1,2,5
"R_5qwCJ4QJBedRfqw","Other (please state)","Nursing",4,4,1,2,3,5,2,5,6,2,6,1,1,1,6,6,6,1,4,3,1,4,5,5,2,1,3,6,6,1,6,6,6,1,4,4,5,4,5,3,6,1,2,6
"R_6Hq9xDiichH0lOa","Chemistry/Biochemistry","",6,6,2,4,6,1,6,1,2,5,6,2,5,4,6,4,5,2,4,3,1,2,5,2,1,2,4,6,2,5,6,5,1,3,6,1,5,6,2,3,5,1,2,5
"R_57EDyOeXHwgqCEg","Physical Sciences","",6,6,1,5,6,1,6,5,4,5,6,1,6,1,6,6,6,1,6,1,1,6,6,2,2,3,5,6,6,1,6,6,2,3,6,1,6,6,6,6,6,1,5,6
"R_51SJipgRI1etsi7","Chemistry/Biochemistry","",6,2,5,6,6,4,3,3,2,5,5,1,6,2,6,4,6,1,5,2,2,4,4,1,5,1,5,5,6,1,6,5,1,5,4,6,6,6,1,5,5,2,6,6
"R_5eK92s2YMIjAI58","Computer Science","",1,2,5,1,5,1,6,1,1,3,6,5,4,6,4,3,3,4,4,3,3,3,3,6,1,1,5,5,5,2,3,4,4,3,4,4,4,3,4,5,4,3,4,3
"R_3AS7iCHCb5pIhcz","Engineering","",6,6,3,4,5,2,5,4,1,5,6,3,4,3,6,6,4,3,2,5,1,2,6,4,3,1,4,6,6,1,6,6,2,4,6,2,6,6,2,2,6,1,1,6
"R_6EbQ8WQO3x8qlA9","Physical Sciences","",5,6,2,6,6,3,4,2,4,6,2,1,5,1,6,5,6,1,5,2,2,5,4,2,2,3,5,6,5,2,5,5,1,6,4,6,5,6,5,5,5,2,1,6
"R_1hsUiAZF0ZUg2Mv","Chemistry/Biochemistry","",1,5,4,5,5,2,5,3,4,4,6,2,5,2,5,5,6,1,5,2,2,6,5,6,3,2,5,5,6,1,5,5,2,4,6,2,4,5,5,4,5,1,3,5
"R_5KeVFSD7SbWKJ42","Computer Science","",6,5,3,3,6,1,6,5,2,6,6,6,6,5,6,6,1,6,3,4,1,1,5,6,1,1,5,5,5,2,5,6,6,4,6,4,6,6,1,5,6,1,4,6
"R_1rPokTcy2zxBvZY","Biology/Life Sciences","",5,2,2,5,6,2,5,2,3,4,4,5,5,5,5,5,5,2,2,5,1,1,5,6,2,1,3,6,4,3,6,6,4,4,6,2,6,2,4,6,6,2,4,6
"R_5q1pCC9F34TDhs6","Chemistry/Biochemistry","",6,6,1,3,6,5,2,3,4,6,3,1,6,2,5,2,6,1,4,3,1,5,6,6,1,1,5,6,6,1,6,6,1,3,6,2,6,5,6,5,6,1,2,6
"R_7zVj2TBYpEcNvER","Other (please state)","Kinesiology ",6,4,3,4,6,4,3,5,1,6,3,4,6,4,6,6,4,3,2,5,1,3,6,4,4,4,6,6,6,1,6,6,6,3,2,4,6,4,1,4,6,1,1,6
"R_7juO0izeLkh4M5T","Computer Science","",5,6,2,2,5,3,4,2,4,4,6,1,4,1,4,4,6,1,5,2,3,5,5,4,2,3,4,4,5,2,5,6,2,2,4,5,5,5,2,4,6,2,2,4
"R_3cU4kaT8qlfUgaB","Biology/Life Sciences","",5,6,4,4,5,5,2,4,4,6,5,5,5,5,6,2,5,2,2,5,2,2,5,5,5,3,4,5,4,3,6,6,5,4,6,5,5,5,5,5,5,1,5,6
"R_5JgaT42P4cvo9xI","Computer Science","",5,4,4,5,4,3,4,4,4,3,4,3,4,5,4,2,5,2,2,5,1,4,4,6,2,4,5,6,6,1,4,5,4,3,4,3,4,3,5,4,3,3,4,4
"R_7oGYrspfXqmgDJI","Computer Science","",5,6,5,5,4,3,4,4,5,4,5,2,4,5,5,3,5,2,3,4,2,4,5,5,5,2,5,6,5,2,6,5,4,3,5,2,5,4,5,4,5,2,4,5
"R_7BIj5b8AUVPeKxX","Engineering","",6,6,2,5,6,2,5,5,2,6,6,2,5,1,4,6,5,2,4,3,1,4,5,6,2,1,5,6,6,1,6,6,3,5,6,2,6,5,2,6,6,1,2,6
"R_12JTYGyeDvz7HLZ","Other (please state)","Nursing",6,2,4,5,6,2,5,5,4,4,5,4,4,4,4,5,5,2,2,5,1,2,4,5,4,3,4,5,4,3,5,5,4,2,6,4,5,2,2,5,5,2,3,5
"R_1KBrwItFekF3MAx","Computer Science","",6,6,6,6,6,1,6,3,1,5,6,2,5,6,6,5,2,5,3,4,1,4,5,6,1,1,6,6,6,1,6,6,4,6,6,3,5,5,1,6,6,1,2,4
"R_7J3eRC109PO7XKh","Computer Science","",6,6,3,4,4,4,3,4,3,4,2,5,4,4,3,4,4,3,3,4,2,3,4,5,3,2,3,6,5,2,5,5,2,4,4,4,4,5,5,4,6,1,2,3
"R_5Tw7Sku23gsmeTT","Other (please state)","Information Technology",5,5,6,5,5,5,2,6,2,2,1,4,5,5,5,5,6,1,6,1,2,5,5,4,2,2,4,5,5,2,6,6,4,2,2,2,5,6,2,4,6,2,1,6
"R_60NUVkX5P4xcsff","Biology/Life Sciences","",6,6,6,4,6,2,5,2,3,4,4,3,6,5,6,6,4,3,4,3,3,4,5,3,6,2,5,6,6,1,6,6,4,4,5,2,6,6,5,6,6,1,3,5
"R_5eQo75AyN9yxVGB","Chemistry/Biochemistry","",5,3,1,2,4,4,3,5,5,2,5,4,2,5,4,2,3,4,1,6,5,2,5,6,1,3,4,5,6,1,6,6,2,5,4,5,3,4,5,5,6,1,1,5
"R_1U1HqQuztDDwwEh","Chemistry/Biochemistry","",6,6,6,3,6,2,5,3,2,6,6,2,4,4,3,2,2,5,4,3,1,3,5,6,1,1,6,6,6,1,5,5,3,1,6,2,5,6,2,4,6,1,2,5
"R_3jvOERWRj37QriT","Other (please state)","Nutrition ",5,4,6,4,4,3,4,3,4,4,6,4,5,4,4,4,4,3,1,6,1,2,5,4,2,2,5,5,5,2,5,4,3,2,5,3,4,4,5,6,6,3,4,4
"R_5ZVS3LKHj0h5Zz0","Biology/Life Sciences","",6,6,4,4,6,4,3,4,4,6,5,6,6,5,6,4,5,2,4,3,1,4,6,6,4,1,5,6,4,3,6,5,5,4,6,5,6,6,6,6,6,1,4,6
"R_78GO4VvsDH94vuM","Engineering","",6,3,4,4,6,2,5,2,1,4,4,1,5,2,5,4,6,1,4,3,1,4,5,3,4,2,5,5,5,2,6,6,2,2,5,2,5,4,2,2,5,2,4,6
"R_6KUzyrbAc8xupc1","Computer Science","",6,1,1,3,5,5,2,4,3,3,6,3,4,2,4,6,6,1,4,3,2,4,1,4,1,1,3,5,5,2,6,6,4,5,3,4,4,6,6,6,6,2,4,6
"R_3Yu05jlNlDrDW8k","Chemistry/Biochemistry","",5,2,2,2,5,4,3,2,5,4,6,5,4,1,6,5,6,1,4,3,3,5,4,2,2,3,5,5,5,2,6,6,5,5,5,4,5,4,4,6,5,1,4,6
"R_3nMMFtAARj4muuw","Engineering","",3,3,3,3,3,3,4,1,4,3,2,4,4,3,3,3,3,4,3,4,3,3,3,3,3,3,3,3,3,4,3,3,3,3,3,3,4,4,4,4,4,4,4,4
"R_31HuT5hta1qGbiV","Mathematics","",6,5,3,5,6,2,5,3,6,5,6,2,6,1,6,2,5,2,4,3,1,5,4,4,2,1,6,6,6,1,6,6,3,4,6,1,6,6,6,6,6,1,3,6
"R_1OWbdFYAgxv0o8s","Biology/Life Sciences","",5,5,4,3,5,4,3,2,5,5,4,4,5,3,4,4,5,2,3,4,2,3,3,4,3,4,4,5,3,4,5,4,4,3,4,4,4,3,4,4,4,1,3,4
"R_50xAf6e3EX6yy3D","Mathematics","",5,5,1,4,5,3,4,3,5,5,5,3,5,2,4,4,5,2,2,5,3,3,4,4,4,4,4,4,5,2,6,4,3,4,5,4,4,5,2,5,4,3,4,4
"R_7OIPYwi9cVmCqFR","Mathematics","",3,4,2,4,3,3,4,2,4,3,3,2,3,3,4,4,5,2,5,2,3,5,3,2,4,2,4,4,4,3,5,5,2,4,4,4,3,3,5,4,4,2,5,4
"R_5npNFgGARVffoHL","Chemistry/Biochemistry","",6,2,3,6,5,2,5,3,2,3,6,4,5,5,6,6,4,3,3,4,1,6,6,3,3,2,5,6,4,3,5,4,6,1,5,1,6,5,1,4,6,1,1,6
"R_5kBXGXc5TgBZvhY","Biology/Life Sciences","",5,6,4,6,5,4,3,4,4,4,3,6,5,3,6,5,5,2,5,2,2,6,6,6,5,3,5,4,5,2,5,6,1,5,5,3,5,6,2,4,4,2,1,6
"R_6cill6zAq9agYAR","Chemistry/Biochemistry","",4,5,2,1,3,2,5,6,3,6,6,1,3,1,6,4,6,1,6,1,1,6,3,2,3,1,5,4,6,1,6,4,1,2,3,1,5,6,1,2,6,1,3,6
"R_1rSE1DVHVae2cRX","Engineering","",6,2,4,2,5,2,5,6,4,5,1,5,5,5,5,5,4,3,2,5,1,2,4,4,4,2,5,6,3,4,4,5,4,4,3,2,5,4,3,6,5,1,2,6
"R_3pVUw7B1cm1a8ce","Computer Science","",5,4,4,5,6,3,4,4,4,5,6,3,5,3,5,6,5,2,4,3,1,4,6,5,3,2,6,6,4,3,6,6,4,3,6,3,6,4,2,6,6,1,4,6
"R_76oagCY8RgypYVX","Computer Science","",6,6,5,6,6,3,4,5,2,5,3,3,5,2,4,2,5,2,3,4,1,4,6,6,1,2,5,5,5,2,5,5,3,2,6,5,6,5,6,6,6,2,3,5
"R_7KOfaD2gTciDqdq","Other (please state)","Computer information systems ",5,4,3,2,6,4,3,6,4,4,6,4,6,6,6,6,6,1,4,3,4,2,3,6,3,1,4,6,5,2,6,6,6,6,6,6,6,2,4,6,6,3,1,6
"R_73wnICL2dQvXThU","Biology/Life Sciences","",4,4,2,5,5,4,3,3,2,5,6,4,4,5,5,5,2,5,4,3,2,4,5,5,2,2,5,5,5,2,5,5,2,4,5,2,4,4,4,4,6,2,2,4
"R_1rvmm5hx3tFxfNz","Computer Science","",6,5,5,5,6,1,6,5,4,5,6,2,6,2,6,5,5,2,4,3,1,4,6,5,5,2,6,6,6,1,6,6,2,2,6,1,6,5,5,6,6,1,2,5
"R_5dVOooPHGumKrmP","Other (please state)","Architecture",5,2,1,4,6,2,5,3,2,4,5,3,4,3,5,6,5,2,1,6,3,2,4,5,2,3,4,6,4,3,2,4,2,3,2,3,5,4,2,4,5,2,4,4
"R_1LinkYrPnAn33XN","Physical Sciences","",4,4,1,1,4,2,5,5,2,4,5,3,3,6,4,2,4,3,2,5,1,2,6,3,2,3,5,5,4,3,5,5,2,4,2,4,5,4,2,2,6,1,2,4
"R_1jTZL6yeFo2v66T","Biology/Life Sciences","",6,6,3,5,5,4,3,4,3,4,5,3,4,3,5,5,5,2,5,2,3,5,2,5,3,2,4,5,6,1,5,6,2,5,4,3,4,4,3,5,4,2,2,6
"R_7EYfVV33oe3qOXX","Chemistry/Biochemistry","",6,6,2,5,6,2,5,4,4,5,6,4,5,2,5,5,6,1,4,3,2,1,4,2,2,3,5,5,3,4,6,6,3,5,5,4,3,6,6,4,4,2,4,5
"R_19doGmpic24jZSL","Chemistry/Biochemistry","",6,6,3,4,6,1,6,6,3,5,5,5,6,4,6,5,4,3,4,3,1,4,6,6,5,1,6,6,6,1,5,6,3,2,6,3,6,6,3,6,6,1,1,6
"R_7oFGLjLYOVdC8w9","Engineering","",6,5,5,6,6,2,5,4,5,5,6,6,6,6,6,6,2,5,2,5,1,2,4,6,6,5,6,6,5,2,5,6,4,2,6,3,5,5,6,6,5,2,2,4
"R_3tlDhyGuAQoa2j2","Biology/Life Sciences","",5,2,2,5,5,5,2,5,3,4,6,4,5,3,4,2,5,2,2,5,1,2,4,5,2,4,5,5,5,2,5,5,4,4,3,4,5,2,2,4,5,5,2,5
"R_1CQaqKw71TUzMiG","Engineering","",6,6,4,1,6,1,6,6,6,6,4,5,4,6,6,6,6,1,6,1,1,1,6,6,6,1,6,6,6,1,6,6,6,1,6,1,6,6,4,6,6,1,4,6
"R_6USQNkFuDZQ5Lrj","Engineering","",6,6,4,5,5,3,4,5,3,5,5,3,5,5,6,5,4,3,2,5,1,2,6,6,3,1,3,6,4,3,5,6,2,2,6,3,6,6,3,4,5,1,2,6
"R_3K9MwFqyvGNtiNQ","Biology/Life Sciences","",5,6,4,5,6,2,5,2,2,5,6,5,6,4,6,4,2,5,4,3,1,3,5,6,3,2,5,5,5,2,6,5,1,2,6,3,6,6,4,5,6,1,2,5
"R_5Er39rt5RqtbwBz","Mathematics","",5,6,4,5,6,2,5,4,4,2,6,2,6,6,5,5,5,2,4,3,2,4,6,5,3,2,5,6,6,1,6,6,2,1,4,2,5,6,4,4,6,1,4,6
"R_5fo42JxIYDUASWJ","Computer Science","",5,6,5,2,5,1,6,6,1,2,2,4,4,4,4,2,5,2,1,6,2,1,5,5,2,2,5,5,2,5,4,5,5,4,6,2,4,5,1,5,5,1,1,4
"R_7cYTsPosm3fXAnY","Engineering","",5,6,2,2,5,4,3,3,4,1,3,3,3,5,3,1,6,1,2,5,2,2,3,5,4,3,4,5,4,3,6,5,5,6,2,3,5,3,2,3,5,1,2,5
"R_5mb4D9XzsKgyNgZ","Chemistry/Biochemistry","",6,2,6,5,5,3,4,6,2,5,5,6,6,5,5,6,6,1,6,1,1,6,5,6,2,1,5,6,6,1,6,6,6,3,5,5,5,5,3,4,5,2,2,6
"R_3To4qFegpMsIXN3","Engineering","",6,5,2,2,6,4,3,4,4,4,4,3,5,5,4,4,5,2,3,4,2,2,4,5,3,2,4,5,2,5,4,4,5,4,5,4,4,5,3,2,4,3,3,4
"R_11pGGqvp2iZUxGv","Other (please state)","Environmental Technology ",6,2,3,1,6,1,6,2,1,4,4,4,6,6,6,4,2,5,1,6,1,1,2,5,2,2,6,6,6,1,5,4,4,3,4,3,6,4,1,5,5,4,5,6
"R_37J5wo8VzNHzfQz","Physical Sciences","",5,2,2,2,3,2,5,4,2,2,5,2,4,5,4,4,5,2,3,4,3,2,5,5,2,1,4,5,5,2,5,5,2,5,2,2,5,4,2,2,4,2,2,5
"R_1q8Y6jZNm3qxkVM","Computer Science","",5,5,4,6,5,2,5,4,2,4,5,3,5,3,5,3,4,3,2,5,2,2,5,5,3,2,4,5,5,2,5,5,3,2,4,4,5,4,5,5,5,4,2,5
"R_3dA4CPdOZYJBkZF","Chemistry/Biochemistry","",6,6,2,6,6,4,3,4,4,4,4,1,5,1,5,4,6,1,5,2,3,5,4,6,1,3,5,5,6,1,6,6,2,4,5,6,5,5,4,6,5,1,2,6
"R_3pYwCykw39szXYJ","Biology/Life Sciences","",6,4,4,4,6,1,6,1,4,5,6,4,6,6,6,6,3,4,2,5,1,3,6,6,5,1,6,6,4,3,6,6,4,6,5,1,5,5,4,6,6,2,4,6
"R_5dfP1CKzkT4UlKw","Engineering","",6,6,4,5,5,2,5,5,2,4,5,4,5,5,5,4,4,3,5,2,1,4,6,5,4,2,6,6,5,2,6,6,2,3,6,1,5,6,2,6,6,1,5,4
"R_1rUpCRCxiSa5FKU","Biology/Life Sciences","",6,4,5,1,6,1,6,1,4,4,6,1,5,6,5,6,2,5,2,5,2,2,5,5,2,2,5,6,6,1,4,5,3,5,5,2,5,5,4,5,6,2,3,2
"R_6oScIWYLPfl1O7q","Other (please state)","nursing",5,6,4,5,5,3,4,2,6,4,5,1,4,4,4,4,6,1,5,2,2,6,4,4,3,2,3,4,5,2,5,5,1,4,1,3,4,5,6,4,6,3,5,4
"R_5OUmSPBKKiwkdjz","Other (please state)","Mathematics and physics ",1,5,4,2,5,4,3,4,2,2,2,5,5,3,4,1,6,1,2,5,2,2,5,2,2,1,5,6,5,2,6,4,2,6,6,1,6,5,6,4,6,1,5,5
"R_5nNJjeRCIS9mpOo","Engineering","",5,5,1,5,5,2,5,3,2,4,4,2,4,2,4,3,6,1,2,5,2,3,4,3,2,2,4,6,4,3,5,6,2,3,2,3,4,4,3,2,5,2,5,4
"R_3smpv6PQJIvEq7c","Other (please state)","Architecture ",4,6,4,2,4,1,6,4,4,1,3,4,3,4,4,1,3,4,2,5,2,2,5,5,4,4,4,3,3,4,3,6,2,2,1,4,4,1,2,1,2,4,1,3
"R_1Nx2Ty2Nw1BpgtT","Biology/Life Sciences","",6,5,4,5,5,2,5,4,4,4,6,2,4,4,5,4,5,2,4,3,2,4,5,4,4,3,5,5,5,2,5,5,1,3,4,2,4,4,4,5,5,2,4,4
"R_3W1wwcYSznNJwHv","Computer Science","",6,4,2,6,4,4,3,6,2,4,5,1,4,4,2,4,2,5,3,4,1,4,5,6,3,1,4,5,5,2,4,6,4,5,3,3,4,5,1,4,6,1,1,5
"R_1mtv9ii3f95s5CW","Engineering","",6,4,3,2,4,3,4,4,2,5,6,5,5,4,3,5,4,3,3,4,4,4,6,5,1,1,4,6,4,3,4,6,6,5,5,6,5,3,3,4,5,1,5,6
"R_7HbPfjhbYUx6hZb","Computer Science","",4,2,2,5,4,3,4,3,2,3,6,3,4,4,4,2,4,3,4,3,3,4,4,5,3,2,4,4,5,2,4,5,4,4,3,4,4,3,2,4,5,4,4,4
"R_7MFhHkYOXoZQq4d","Engineering","",1,6,4,6,6,6,1,4,3,6,6,6,5,6,6,6,3,4,1,6,1,1,6,6,1,1,6,6,1,6,6,6,6,1,6,1,6,6,4,5,6,1,3,4
"R_3JGX7rzkh9gWfFn","Biology/Life Sciences","",6,6,1,2,3,6,1,2,5,5,6,1,2,4,3,3,6,1,1,6,1,2,6,6,1,1,4,6,2,5,6,3,6,3,5,2,5,6,2,3,6,1,2,5
"R_1TMjA5p29PK8TMe","Engineering","",5,5,3,5,5,4,3,5,5,5,5,2,5,2,5,5,5,2,4,3,2,4,4,5,3,2,5,5,5,2,5,5,2,3,3,2,5,4,2,5,5,2,4,5
"R_6mf0vUdOYhzs6pU","Computer Science","",4,1,3,4,4,4,3,3,4,4,4,3,4,3,4,4,5,2,4,3,2,4,4,4,5,2,4,5,5,2,5,5,2,3,5,2,4,2,3,4,4,2,3,5
"R_5KTLon3r4p5O0ez","Biology/Life Sciences","",6,4,2,3,6,1,6,2,3,5,3,3,4,4,5,5,3,4,1,6,1,2,5,5,3,4,5,4,4,3,6,6,5,3,3,4,5,3,2,6,6,1,5,4
"R_7IDoO21e2S2ty8x","Chemistry/Biochemistry","",5,5,3,4,5,4,3,5,4,4,5,4,5,2,5,1,5,2,2,5,2,3,4,6,4,4,4,5,5,2,6,5,2,4,2,4,5,2,4,5,5,1,2,5
"R_5cjYlo3ugV73PMk","Other (please state)","Health Science",6,2,1,1,5,1,6,3,5,2,6,2,6,3,5,6,3,4,2,5,1,4,5,5,2,2,5,6,5,2,5,5,2,2,4,2,5,4,4,5,6,1,4,5
"R_7haRYywMoiSEzuw","Engineering","",6,4,4,6,5,1,6,5,1,2,6,6,5,6,5,3,5,2,1,6,5,1,6,6,5,1,6,6,5,2,3,5,6,2,4,1,5,4,1,5,6,3,1,4
"R_6FwW1U1ItqVacWl","Chemistry/Biochemistry","",5,6,1,5,5,2,5,6,3,4,5,4,4,3,5,5,4,3,6,1,2,5,6,6,1,2,4,6,5,2,5,5,1,5,5,3,5,6,1,5,6,3,1,5
"R_7IHcBUMvjzlyBMZ","Other (please state)","chemistry",5,6,3,5,5,2,5,2,3,3,6,6,4,5,6,6,1,6,1,6,1,1,6,6,4,2,4,5,3,4,6,6,6,3,5,1,6,4,2,6,6,1,1,1
"R_5lFYn0kXHGMpRda","Engineering","",5,3,5,5,5,2,5,4,2,5,6,4,5,5,5,5,5,2,2,5,1,4,5,6,2,1,5,6,5,2,5,6,2,2,5,2,5,3,2,5,5,3,2,3
"R_3xDK75OLYNWxAUb","Computer Science","",6,6,6,2,5,6,1,6,1,3,2,5,5,6,6,2,3,4,4,3,3,1,2,6,2,1,1,6,5,2,6,6,6,5,2,2,5,6,1,5,6,1,1,6
"R_3QDjHEQDQa4Mjnb","Biology/Life Sciences","",4,4,4,4,4,4,3,4,4,4,6,2,5,4,4,4,5,2,4,3,4,4,4,5,5,4,4,5,4,3,5,5,5,5,4,4,5,4,4,4,4,2,4,4
"R_3esFc3uvSqDHxbc","Computer Science","",5,4,2,5,6,2,5,5,5,4,4,4,4,4,4,1,4,3,3,4,2,3,4,3,3,3,5,5,4,3,5,5,3,4,5,3,4,5,5,5,5,1,1,4
"R_53x7od2phC0nkBO","Engineering","",6,6,3,6,6,3,4,4,3,6,4,3,6,3,6,6,3,4,4,3,1,4,6,6,3,1,5,6,6,1,6,6,4,4,6,4,6,5,5,6,6,1,3,6
"R_7Brk6CsEqCnaEBr","Biology/Life Sciences","",1,5,4,6,6,5,2,3,5,5,6,1,5,2,5,5,6,1,4,3,1,4,6,5,4,3,4,5,5,2,6,5,2,5,6,2,6,5,6,5,6,1,5,5
"R_3pSiLCoUFzRecLr","Other (please state)","Public Health",4,6,5,2,4,4,3,2,5,2,4,4,5,2,4,6,6,1,6,1,2,6,4,6,4,3,4,6,6,1,6,6,2,4,6,3,5,5,6,4,4,2,5,6
"R_7rBpQH2dmA9siOI","Engineering","",5,3,3,3,3,3,4,3,3,3,1,3,3,3,3,3,3,4,3,4,3,3,3,3,3,3,3,3,3,4,3,3,3,3,3,3,3,3,3,3,3,3,3,3
"R_6drjNVe7zeDFrDb","Biology/Life Sciences","",6,5,4,4,6,2,5,5,5,4,4,3,5,2,5,4,5,2,5,2,1,5,5,5,4,2,5,5,5,2,6,5,2,2,5,2,5,5,5,5,5,2,2,5
"R_7i3rCjPvHBUBD7U","Physical Sciences","",5,2,5,2,5,2,5,5,2,2,2,2,5,5,4,5,5,2,1,6,1,1,5,6,3,1,5,6,6,1,2,6,4,2,2,3,5,5,3,1,5,1,2,6
"R_1re3ZiPrzkYBDMr","Other (please state)","Landscape Architecture ",5,4,2,2,4,2,5,4,4,4,5,3,4,3,6,3,5,2,6,1,1,6,6,5,3,3,5,5,5,2,6,6,1,2,4,3,4,5,5,5,5,2,4,6
"R_6fiwfw5l4ppkwax","Engineering","",5,5,4,4,6,2,5,5,5,4,5,4,5,2,6,5,6,1,1,6,1,1,6,2,2,3,4,5,2,5,6,4,6,4,5,2,6,5,4,4,5,1,6,6
"R_6q1yA8dTlLL0UjY","Other (please state)","Nursing ",4,6,3,2,6,4,3,3,4,4,6,3,5,1,6,5,5,2,2,5,1,3,6,4,3,1,4,5,6,1,6,6,6,6,6,4,5,5,4,6,6,1,1,6
"R_30eJy9uD7vj41VY","Other (please state)","Physics",5,4,3,1,4,5,2,6,4,4,6,4,6,3,4,6,6,1,3,4,2,3,4,4,2,2,4,4,1,6,6,3,3,3,4,5,6,3,6,5,6,3,4,6
"R_1o0Ai6J6t1Ohrhr","Mathematics","",5,4,1,1,5,5,2,5,3,4,5,1,5,1,1,5,5,2,1,6,1,1,5,5,1,1,5,5,5,2,4,5,1,3,3,3,5,5,3,3,5,1,1,5
"R_3cZPCoCUjI04Srf","Engineering","",5,5,4,4,6,3,4,3,3,5,4,3,6,2,6,6,6,1,6,1,1,6,5,6,4,1,4,6,6,1,6,6,2,2,6,2,6,6,6,6,6,1,2,6
"R_6Cv6i2uTI1uRY7X","Other (please state)","Economics",6,5,6,4,6,3,4,3,5,4,3,1,5,2,5,3,6,1,5,2,1,5,4,5,4,2,4,6,6,1,6,6,2,4,3,3,5,6,6,4,6,3,1,6
"R_5g5OtFvIUaHJYSv","Computer Science","",6,4,4,2,6,1,6,5,2,3,6,2,6,2,5,6,6,1,5,2,1,5,6,1,3,5,6,6,4,3,6,6,4,2,5,1,6,3,2,4,4,2,2,6
"R_7jYMiGcMG1LRumt","Biology/Life Sciences","",6,2,4,1,5,2,5,6,1,1,5,1,5,4,6,4,6,1,6,1,3,4,5,6,4,3,3,5,4,3,5,6,3,2,3,3,5,3,1,4,4,3,2,3
"R_3K9lUucINmaBEPw","Engineering","",3,3,4,4,3,2,5,4,3,3,4,4,3,4,4,3,4,3,3,4,2,3,5,5,4,4,4,3,4,3,6,5,4,3,3,2,4,3,4,3,4,4,3,4
"R_5bV5QUZDHe6jmSZ","Mathematics","",6,5,5,5,5,2,5,2,3,3,3,3,4,5,4,4,1,6,2,5,1,1,6,5,2,4,4,6,2,5,3,5,5,2,3,4,4,4,2,3,5,4,2,3
"R_1QzAl5ShQNwuJmp","Biology/Life Sciences","",5,3,4,5,5,2,5,2,3,3,5,3,4,4,4,4,4,3,2,5,2,3,5,6,4,3,5,6,5,2,5,6,2,3,5,3,4,2,4,5,6,2,5,5
"R_5xxDrRPA2OL7ysB","Engineering","",6,5,4,5,6,2,5,6,5,4,6,6,6,6,5,4,4,3,4,3,1,3,6,4,5,3,5,6,5,2,6,6,2,2,5,2,6,5,5,6,5,1,2,6
"R_7mlMkLZf5pmnWI9","Chemistry/Biochemistry","",3,6,2,1,6,3,4,5,2,4,5,3,5,4,5,6,2,5,2,5,1,2,4,4,1,1,5,6,5,2,6,6,6,3,2,3,6,6,5,5,6,1,4,6
"R_1JEi7drlpy4o8RJ","Chemistry/Biochemistry","",5,6,5,6,6,5,2,6,4,3,5,4,6,3,6,6,5,2,4,3,2,5,5,2,2,3,6,6,4,3,6,5,2,2,5,2,5,4,2,6,5,1,1,6
"R_6wdvW6E3A7qzA7D","Other (please state)","Business Administration",6,6,6,6,6,1,6,1,1,5,6,4,5,5,5,5,2,5,2,5,1,4,5,6,5,1,6,4,4,3,5,5,6,2,2,2,5,4,3,5,6,2,3,3
"R_3QhklZgQPo3WgGj","Chemistry/Biochemistry","",5,5,2,1,4,1,6,4,1,3,6,6,4,6,4,4,1,6,1,6,2,1,5,5,4,4,5,5,4,3,5,5,3,2,3,2,4,4,1,3,5,1,3,3
"R_5DUU9WSdSxwdxFE","Computer Science","",6,5,2,3,6,2,5,6,6,6,6,4,6,6,6,6,5,2,5,2,1,5,6,3,3,3,6,6,6,1,6,6,5,4,6,2,6,6,4,6,6,1,3,6
"R_5SxIh5Fk1sqyXpj","Engineering","",5,2,3,2,3,3,4,4,2,1,3,4,2,5,4,2,5,2,2,5,4,2,3,5,2,2,3,5,3,4,5,5,5,5,2,3,4,4,3,4,5,1,5,6
"R_54IY8RzRgB7OpWc","Biology/Life Sciences","",6,5,2,2,5,2,5,2,5,4,5,2,5,3,5,5,5,2,3,4,2,3,5,5,3,3,5,5,5,2,5,5,2,3,4,3,5,4,5,5,5,1,5,5
"R_5kq3mO3DUuqQLVr","Biology/Life Sciences","",6,2,2,1,5,2,5,5,3,2,5,4,5,4,5,6,4,3,3,4,2,4,5,5,2,1,5,5,6,1,5,5,3,2,3,4,5,3,4,5,6,1,2,5
"R_7X0Su6zPIxFWm9i","Other (please state)","Psychology ",6,5,4,6,6,1,6,6,5,4,5,1,6,2,6,5,5,2,4,3,1,4,6,3,2,2,5,5,5,2,5,5,2,5,5,1,5,4,3,4,5,2,2,6
"R_7mJVTorcvjuneKC","Biology/Life Sciences","",6,5,4,3,5,1,6,4,3,5,6,3,5,4,5,5,5,2,4,3,3,4,5,6,4,1,5,6,5,2,4,6,3,2,6,4,6,5,1,5,6,1,2,6
"R_5VyQ7h2zo4IxzhL","Engineering","",5,4,2,4,6,2,5,5,1,5,6,2,5,5,5,4,5,2,4,3,1,4,5,6,4,1,5,6,5,2,4,6,4,4,6,3,6,5,1,5,6,1,3,5
"R_5psdhPmbKWml1ux","Mathematics","",6,5,1,2,5,1,6,3,2,4,5,3,4,4,4,4,4,3,2,5,2,2,5,5,2,3,5,5,5,2,5,5,5,4,5,2,5,5,3,4,5,3,3,5
"R_1n8pm4MvsoQI8NP","Computer Science","",6,3,2,3,6,2,5,2,4,4,5,6,4,6,6,5,4,3,2,5,1,1,6,6,1,1,6,6,6,1,6,6,6,1,6,1,6,6,6,6,6,1,5,6
"R_1ZRW0ueK6zhUSyd","Other (please state)","Business Economics ",4,4,5,4,4,4,3,3,4,2,5,2,5,1,4,2,5,2,4,3,1,4,5,3,3,4,4,5,5,2,5,5,3,3,3,4,5,3,4,2,4,2,4,4
"R_7WTI8gL4jQkKpFL","Engineering","",6,3,3,2,5,2,5,5,2,4,4,1,6,3,4,4,5,2,3,4,1,4,6,3,3,3,4,5,5,2,6,6,2,2,5,2,6,4,2,5,6,1,2,6
"R_5cS7rhAIhWjU8Fj","Biology/Life Sciences","",6,4,2,1,5,1,6,2,3,5,6,3,5,3,6,5,4,3,4,3,1,4,6,6,2,2,6,6,5,2,6,6,2,3,6,2,5,4,4,6,6,1,3,5
"R_5wobzJuu8HoaMb2","Computer Science","",6,5,4,3,6,2,5,5,3,4,6,6,6,4,6,6,6,1,3,4,2,3,4,6,4,2,5,5,4,3,5,6,6,3,6,3,6,4,4,5,6,1,3,5
"R_3eJkulEL0k5qATj","Engineering","",4,4,1,2,3,6,1,4,6,2,1,3,2,3,4,3,3,4,5,2,2,4,1,4,1,2,3,5,5,2,3,6,5,6,5,6,4,3,4,3,2,4,3,6
"R_39OHaYndZsqvRAt","Other (please state)","",4,5,5,6,5,4,3,4,3,2,5,4,5,5,5,4,5,2,2,5,2,2,5,6,5,2,5,5,5,2,4,4,5,5,5,4,4,4,2,5,5,2,2,4
"R_1LG7bKWdSbMkPxf","Chemistry/Biochemistry","",5,4,2,2,5,3,4,2,5,4,6,3,6,4,5,4,6,1,3,4,2,4,5,4,2,4,4,5,6,1,6,5,2,2,5,2,6,5,5,4,5,1,2,5
"R_6u3md2SgJL61Qt3","Biology/Life Sciences","",6,1,3,4,6,5,2,4,4,3,6,1,4,2,6,4,6,1,6,1,1,6,4,2,3,1,4,6,6,1,6,6,1,4,2,3,4,4,4,5,6,1,3,6
"R_3NksY1HHPcVaUnv","Other (please state)","Nursing ",6,2,6,6,4,6,1,1,3,2,6,2,4,1,4,5,4,3,6,1,1,6,4,6,4,2,4,6,6,1,6,5,2,5,2,2,5,2,4,5,6,2,2,4
"R_6qg4CcOXZTwNoCu","Chemistry/Biochemistry","",6,6,5,5,6,3,4,5,4,5,5,2,5,3,5,5,5,2,2,5,2,4,4,4,2,2,4,5,5,2,5,5,2,6,5,3,5,5,5,5,5,2,4,5
"R_3SJ1d5wsT1Ho17n","Physical Sciences","",5,5,2,5,5,2,5,5,2,5,5,2,5,3,5,3,5,2,5,2,2,2,5,4,2,2,5,5,5,2,5,5,2,2,3,3,5,5,2,5,5,3,2,5
"R_7kNdHB9NS0IUJlv","Other (please state)","Environmental technology ",6,2,3,1,5,2,5,4,1,5,4,4,5,5,5,5,2,5,1,6,2,1,5,5,3,2,5,5,6,1,5,4,4,2,5,3,5,4,1,4,5,1,3,5
"R_7JvR2geBHBR7y9z","Engineering","",6,3,2,4,5,5,2,5,4,4,4,1,4,5,5,4,5,2,5,2,1,5,5,6,3,2,5,6,3,4,6,6,6,5,5,5,5,4,4,6,6,1,2,5
"R_3L8vFZ4t6W5p9cZ","Biology/Life Sciences","",5,6,3,1,5,2,5,4,3,4,5,2,6,2,5,5,6,1,4,3,2,4,5,4,2,3,5,6,5,2,4,5,3,4,5,4,5,4,2,5,5,2,3,5
"R_3fv2uMhVCpmPPBD","Biology/Life Sciences","",5,6,3,6,4,2,5,3,3,4,6,3,4,2,5,5,5,2,5,2,1,5,6,3,4,3,5,5,6,1,5,6,2,3,5,3,5,5,5,6,5,2,3,6
"R_5kTjslHFQ5OjSS9","Engineering","",6,5,4,5,6,1,6,5,6,6,6,1,6,1,6,6,6,1,6,1,1,6,6,1,6,2,5,6,6,1,6,6,2,4,6,1,6,4,4,3,6,1,2,6
"R_67k5vD8zp1iICsW","Engineering","",6,6,5,1,5,1,6,6,6,6,6,6,6,6,6,6,6,1,6,1,1,2,6,6,6,1,6,6,6,1,6,6,6,3,6,1,6,6,6,6,6,1,3,6
"R_7r33DbHQUlWBSYJ","Other (please state)","Information Technology",4,5,5,2,2,6,1,6,1,5,5,6,2,5,5,2,6,1,6,1,1,4,6,6,2,2,4,6,6,1,6,6,5,4,1,2,5,6,1,4,5,2,1,6
"R_3ff2qGv2jp2eBAI","Computer Science","",6,3,5,4,5,3,4,3,2,5,6,4,6,3,6,6,4,3,6,1,3,5,6,6,6,1,4,6,6,1,6,6,1,3,6,2,6,4,2,6,6,1,2,6
"R_5JFwjHbWISFb6z0","Biology/Life Sciences","",4,3,1,1,4,4,3,3,4,3,1,4,4,3,3,3,3,4,3,4,5,5,5,5,2,4,4,4,5,2,5,4,5,3,4,4,4,3,4,4,4,4,3,4
"R_1fiEkQNOlRXoWrN","Other (please state)","Aerospace Engineering",5,4,4,3,5,3,4,3,4,4,3,2,5,2,4,2,5,2,3,4,1,2,6,6,2,5,3,6,5,2,5,6,5,5,5,2,5,6,4,5,2,2,6,5
"R_6sF1M1OybOj5ijD","Mathematics","",5,3,6,4,5,3,4,3,4,4,6,2,5,2,5,5,4,3,2,5,2,2,5,3,5,2,4,5,5,2,5,5,3,3,3,3,5,4,4,5,5,2,3,5
"R_1dQe7PBUnW0kmGy","Chemistry/Biochemistry","",5,4,1,4,4,5,2,6,2,1,2,4,1,6,2,1,4,3,1,6,1,1,5,6,1,4,1,5,1,6,4,6,5,3,4,5,2,1,1,2,4,2,1,4
"R_7D0v1L4YnP6HU9V","Computer Science","",6,6,6,3,6,1,6,4,5,6,6,2,6,3,6,6,5,2,4,3,1,5,6,5,6,2,6,6,6,1,6,6,2,2,6,1,6,6,6,6,6,2,3,6
"R_70Zc2tWBCd5aGVA","Other (please state)","",6,4,3,1,5,2,5,3,3,5,5,3,4,3,5,4,3,4,1,6,1,1,5,5,3,1,5,6,5,2,6,6,6,2,4,4,4,4,1,4,6,1,3,6
"R_1XjJG7o6aZHKWqZ","Other (please state)","Cyber Security",6,4,2,5,6,4,3,5,4,5,5,1,6,5,6,6,6,1,5,2,3,4,3,3,3,2,4,6,4,3,6,6,5,3,5,3,5,5,3,5,5,1,3,5
"R_7YOcRL34miI3W7f","Mathematics","",6,6,4,4,6,2,5,5,3,5,5,1,6,1,6,4,6,1,4,3,1,3,5,5,3,1,5,6,6,1,5,6,2,2,5,4,5,6,3,6,6,1,2,5
"R_3n8i341OgdOiyJw","Other (please state)","cybersecurity",5,4,2,6,5,2,5,4,4,3,5,4,5,3,4,3,6,1,3,4,2,3,5,5,2,3,4,6,4,3,5,6,2,5,5,3,5,4,3,4,6,2,2,4
"R_6SxEZz1Gnxmix7P","Computer Science","",6,6,6,5,6,4,3,6,1,5,3,5,6,5,6,1,6,1,2,5,2,2,6,6,4,1,5,6,2,5,6,6,6,5,2,6,6,6,1,6,6,1,1,6
"R_7pmCjBAnUEH9z4B","Chemistry/Biochemistry","",6,3,3,4,6,1,6,2,2,5,4,3,6,4,6,6,4,3,2,5,6,3,6,6,4,2,5,6,4,3,6,6,2,4,3,2,6,5,4,6,5,1,4,6
"R_5dGDcx7riWzqo02","Physical Sciences","",5,4,5,6,5,4,3,5,4,4,5,3,5,3,5,5,4,3,5,2,2,2,4,5,2,2,4,5,5,2,5,5,4,3,5,3,5,4,4,5,5,4,2,5
"R_5Fg91fmT1zrlQ9H","Physical Sciences","",6,5,2,5,6,3,4,3,3,4,5,1,5,2,5,5,5,2,4,3,2,4,5,2,2,2,5,5,6,1,5,5,1,4,5,2,5,5,4,5,5,3,2,5
"R_5YRKa8E0VHZ8jin","Engineering","",4,1,2,3,5,1,6,5,4,3,6,5,4,4,3,2,4,3,1,6,2,2,5,3,3,5,4,4,2,5,4,4,2,3,2,2,5,3,3,5,4,2,2,4
